,title,money
140,「幸せをお金で買う」５つの授業 (中経出版),"￥1,584"
139,ハートドリブン　目に見えないものを大切にする力 (幻冬舎単行本),"￥1,410"
138,メモの魔力　-The Magic of Memos- (NewsPicks Book),"￥1,317"
137,多動力 (幻冬舎文庫),￥471
136,THE TEAM 5つの法則 (NewsPicks Book),"￥1,410"
135,ハッタリの流儀　ソーシャル時代の新貨幣である「影響力」と「信用」を集める方法 (幻冬舎単行本),"￥1,317"
134,経済学の名著50冊が１冊でざっと学べる,"￥1,485"
133,iPad仕事術! 2018 (iOS11 最新版),"￥1,100"
132,バイシクルクラブセレクション ラクに走れるロードバイク術［雑誌］ エイムック,"￥1,019"
131,"Speed Reading: Learn How to Read and Understand Faster in Just 2 hours (Reading Skills, Reading Comprehension, Read Faster, Rapid Reading) (English Edition)",￥341
130,お金2.0　新しい経済のルールと生き方 (NewsPicks Book),"￥1,410"
129,外資系コンサルが教える　読書を仕事につなげる技術,￥817
128,雑学科学読本　身のまわりのすごい技術大百科,"￥1,287"
127,世界史とつなげて学べ 超日本史　日本人を覚醒させる教科書が教えない歴史,"￥1,584"
126,１日１ページ、読むだけで身につく世界の教養３６５,"￥2,356"
125,ロードバイク完全メンテナンス［雑誌］ エイムック,"￥1,630"
124,ロードバイク 「規格」 便利帳 最新版［雑誌］ エイムック,"￥1,222"
123,ロードバイクの基本　最短マスター!　改訂版［雑誌］ エイムック,"￥1,222"
122,バイシクルクラブセレクション 始めよう！ロードバイク［雑誌］ エイムック,"￥1,019"
121,バイシクルクラブセレクション ロードバイクをもっと楽しむ！［雑誌］ エイムック,￥917
120,ロードバイクオールカタログ 2018［雑誌］ エイムック,"￥1,935"
119,原作版 左ききのエレン（１）: 横浜のバスキア,￥561
118,モノやお金がなくても豊かに暮らせる,"￥1,144"
117,LIFE PACKING2.1 未来を生きるためのモノと知恵,"￥1,250"
116,さおだけ屋はなぜ潰れないのか？～身近な疑問からはじめる会計学～ (光文社新書),￥261
115,Dr.苫米地式資産運用法なら誰も絶対にrichになれる,￥972
114,禅マインド ビギナーズ・マインド,￥857
113,「我」を張らない人づきあい: 仏教対人心理学読本 (サンガ新書),￥691
112,世界は「ゆらぎ」でできている～宇宙、素粒子、人体の本質～ (光文社新書),￥726
111,ゲーム界のトップに立った天才プログラマー　岩田聡の原点: 高校同期生26人の証言,￥690
110,言ってはいけない格差の真実【文春e-Books】,￥204
109,人生の法則 「欲求の4タイプ」で分かるあなたと他人　電子版,￥825
108,評価経済社会・電子版プラス,￥825
107,エンジニアのための理論でわかるデザイン入門 ThinkIT Books,"￥1,980"
106,広告コピーってこう書くんだ!読本,"￥1,250"
105,ブログ起業: 10年9割廃業時代を生き抜くブログ×ビジネス戦略,￥280
104,23歳ゆとり、1年半で会社を辞めました: 新卒入社から3年以内の退職を考える,￥250
103,レールの外ってこんな景色: 若手ブロガーから見える新しい生き方,￥750
102,頭の回転が速い人の話し方: ビンワード電子増補版,￥799
101,破天荒フェニックス　オンデーズ再生物語 (幻冬舎文庫),￥828
100,才能の正体 (NewsPicks Book),"￥1,410"
99,動画2.0　VISUAL STORYTELLING (NewsPicks Book),"￥1,410"
98,資本家マインドセット (NewsPicks Book),"￥1,317"
97,実験思考　世の中、すべては実験 (NewsPicks Book),￥0
96,Mac Fan 2020年2月号 [雑誌],￥756
95,PIXAR 〈ピクサー〉 世界一のアニメーション企業の今まで語られなかったお金の話,"￥1,832"
94,なぜ、あなたの仕事は終わらないのか スピードは最強の武器である,"￥1,313"
93,仕事は楽しいかね？ (きこ書房),"￥1,123"
92,Googleアナリティクスのやさしい教科書。　手を動かしながら学ぶアクセス解析の基本と実践ポイント,"￥2,299"
91,図解・最新　難しいことはわかりませんが、お金の増やし方を教えてください！,￥970
90,稼げる副業の成功法則: 20代会社員が副業月収50万を達成した成功ノウハウ,￥698
89,超筋トレが最強のソリューションである　筋肉が人生を変える超科学的な理由,"￥1,267"
88,社会人必見！大人の教養　～年中行事と歳時記～ (SMART BOOK),￥250
87,映画を英語で楽しむための会話表現とスラング（上巻）,￥900
86,映画を英語で楽しむための会話表現とスラング（下巻）,￥900
85,[音声DL付]起きてから寝るまで英語表現1000 起きてから寝るまでシリーズ,"￥1,188"
84,[音声DL付]完全攻略！　英検(R)準１級 完全攻略！シリーズ,"￥1,733"
83,英検準１級 英単語 形容詞他　(2019年度第３回受験用),￥300
82,読者ゼロからのメルマガ成功術: たった5日間、9通のメールから640万円稼いだメルマガ運用法,￥500
81,プラモデル・セールスコピーライティング: 誰でもわずか数時間で売れる文章が書ける！ 心理トリガーを使って人を動かす次世代スキル,￥99
80,38億年の叡智とつながる・未来を開く5秒の習慣 (共育ブックス),￥99
79,図解　ギリシア神話 歴史がおもしろいシリーズ,￥297
78,海外ドラマはたった350の単語でできている [英語マスターシリーズ],￥297
77,ナンパ初心者のための声かけ会話の教科書,"￥1,250"
76,まんがで鍛える 脳の強化書―――私、成長したいんです・・・(Business ComicSeries),"￥1,254"
75,トラウマ　ララバイ,￥99
74,起業で絶対に失敗したくない人の為の 科学的な第三のフリーランス起業術 ～スモールスタートアップ～,￥99
73,21世紀のビジネスにデザイン思考が必要な理由,"￥1,408"
72,地球の歩き方 ガチ冒険～地球の歩き方社員の旅日記～ (地球の歩き方D-Books),￥99
71,１週間で８割捨てる技術,"￥1,287"
70,潜在意識の使い方を間違っていました！: 意識が変われば体も変わる,￥99
69,大麻ビジネス最前線: Green Rush in 21st century (未来文庫),￥680
68,「統計学」のマージャン戦術 (近代麻雀戦術シリーズ),"￥1,287"
67,超カンタンにわかる！麻雀入門　牌、役、アガリこれだけ覚えればバッチリ！,"￥1,024"
66,「わかりやすい」文章を書く全技術100,￥99
65,「無理」の構造 ―この世の理不尽さを可視化する,"￥1,555"
64,あなたを変える52の心理ルール (中経の文庫),￥634
63,『引き寄せの法則』を正しく理解して活用する方法: 【左脳系スピリチュアル文庫】シークレットやエイブラハムでも語られなかった引き寄せの真実 １コインで学ぶ真理,￥450
62,マラソンと食事: 伝統食とアミノ酸で、フルマラソンを制する (22世紀アート),￥500
61,内向型を強みにする,￥800
60,ハリー・ポッターと賢者の石: Harry Potter and the Philosopher's Stone ハリー・ポッタ (Harry Potter),￥600
59,人生が整う 家事の習慣,￥297
58,たった１分で人生が変わる 片づけの習慣 (中経の文庫),￥565
57,毎日パパッと、整う暮らし　わたしの「家じかん」ルール,"￥1,089"
56,仕事が速いのにミスしない人は、何をしているのか？,"￥1,372"
55,セックスしたがる男、愛を求める女,￥990
54,1時間でわかるビットコイン入門　～1円から送る・使う・投資する～ (NextPublishing),￥550
53,Pythonでの自動化・仕事効率化入門 - スクレイピング編 - Pythonを使って仕事を楽にしよう。,￥540
52,Pythonでの自動化・仕事効率化入門 - Excel編 - Pythonを使って仕事を楽にしよう,￥540
51,Pythonでブラウザを自動操作してみよう,￥300
50,PythonでGUI自動化をしよう: マウス＆キーボード,￥250
49,ナショナル ジオグラフィック日本版　2017年5月号 [雑誌],"￥1,029"
48,Pythonスクレイピングの基本と実践 データサイエンティストのためのWebデータ収集術 impress top gearシリーズ,"￥3,267"
47,Python Flask 人工知能API 超入門 -  Python 人工知能 API を使った LINE bot(ラインボット) を作ろう,￥500
46,プログラミング超初心者が初心者になるためのPython入門（１）　セットアップ・文字列・数値編,￥250
45,Pythonゲームプログラミング　知っておきたい数学と物理の基本 (Future Coders（NextPublishing）),"￥2,574"
44,Pythonの文法は覚えたけど「じゃあこれで何ができるんだ？」と思っている人のための本,￥250
43,新装版　問題解決のためのデータ分析,"￥1,485"
42,１問1答でわかる。はじめてのPythonプログラミング,￥380
41,Pythonをおぼえた人がGUIアプリケーション開発をするためのtkinter速習入門: 標準ライブラリでGUI作成,￥350
40,プログラミング超初心者が初心者になるためのPython入門（２）　リスト・タプル・ディクショナリ・if・for ループ編,￥250
39,Python3 + Django2.0入門 - Pythonで作るWebアプリケーション開発入門 - その１,"￥1,084"
38,人工知能プログラミングのための数学がわかる本,"￥2,475"
37,マンガと図解でスッキリわかる　プログラミングのしくみ,"￥2,090"
36,Pythonの文法を覚えた人がもっと理解を深めるための本,￥350
35,新MT4対応 FXメタトレーダープログラミング入門,￥900
34,プログラミング超初心者が初心者になるためのPython入門（３） 関数・クラス編,￥250
33,Python3エンジニア認定基礎試験問題集　第3版,"￥1,200"
32,Pythonで作るはじめてのサーバレスアプリケーション,"￥1,080"
31,英検準1級英単語4100: 楽々合格を目指す。すこし難しめ。発音記号付き。 英検単語シリーズ,￥185
30,iPadはかどる！便利技（全iPad対応の最新版）,"￥1,300"
29,iPad完全マニュアル2020（全機種対応／iPadOSの基本から活用技まで詳細解説）,"￥1,100"
28,iPad完全マニュアル2019,￥880
27,会社では教えてもらえない　仕事が速い人の手帳・メモのキホン 【会社では教えてもらえないシリーズ】,"￥1,386"
26,１日ひとつだけ、強くなる。,￥708
25,会社では教えてもらえない　仕事がデキる人の資料作成のキホン 【会社では教えてもらえないシリーズ】,￥850
24,「超」AI整理法　無限にためて瞬時に引き出す,￥817
23,世界一おもしろい　世界史の授業 (中経の文庫),￥382
22,わいるどらいふっ！　身近な生きもの観察図鑑,￥440
21,文系でもよくわかる　世界の仕組みを物理学で知る,"￥1,232"
20,仕事の説明書〜あなたは今どんなゲームをしているのか〜 (土日出版),"￥1,200"
19,走る奴なんて馬鹿だと思ってた,￥572
18,アマテラスの暗号 〈歴史ミステリー小説〉,￥250
17,iPadはかどる！仕事技(iPadOSにも対応した最新版）,"￥1,320"
16,健康の結論,"￥1,109"
15,Google便利すぎる！240のテクニック,￥880
14,プログラミング経験者のためのSwift最速入門,￥250
13,ゼロから始める超入門  はじめてのプログラミング AppleのSwiftでiPhoneアプリをいちから作ろう (Mac Fan Special),"￥1,700"
12,詳細！Swift2 iPhoneアプリ開発 入門ノート Swift 2+Xcode 7対応,"￥3,498"
11,"Beginning iOS 13 & Swift App Development: Develop iOS Apps with Xcode 11, Swift 5, Core ML, ARKit and more (English Edition)","￥1,089"
10,楽しみながら作ってみよう！ はじめてのAndroidアプリプログラミング,"￥2,096"
9,JavaからはじめようAndroidプログラミング―Android Studio対応版,"￥2,299"
8,Androidアプリを作ろう [Android Studio 2.1対応版],￥690
7,Web制作者のためのGitHubの教科書 チームの効率を最大化する共同開発ツール Web制作者のための教科書シリーズ,"￥1,881"
6,最速の仕事術はプログラマーが知っている,"￥1,318"
5,"これ1冊でゼロから学べる Webプログラミング超入門　ーHTML,CSS,JavaScript,PHPをまるごとマスター","￥2,801"
4,６ステップでマスターする　「最新標準」HTML+CSSデザイン（リフロー版）,"￥3,010"
3,できるポケット HTML5&CSS3/2.1全事典 できるポケットシリーズ,"￥1,584"
2,６ステップでマスターする　「最新標準」HTML CSSデザイン（固定レイアウト版）,"￥3,010"
1,macOS Catalina パーフェクトマニュアル,"￥2,178"
0,iPad便利すぎる!  275のテクニック,￥990
